history,Presidents
history,Boston Tea Party
history,Christopher Columbus
history,History
history,U.S. History
history,World History
history,Richard Nixon
history,Watergate
history,Donald Trump
history,Barack Obama
history,Theodore Roosevelt
history,John Adams
history,Thomas Jefferson
history,James Madison
history,James Monroe
history,John Quincy Adams
history,Andrew Jackson
history,Martin Van Buren
history,William Henry Harrison
history,John Tyler
history,James K. Polk
history,Zachary Taylor
history,Millard Fillmore
history,Franklin Pierce
history,James Buchanan
history,Abraham Lincoln
history,Andrew Johnson
history,Ulysses S. Grant
history,Rutherford B. Hayes
history,James A. Garfield
history,Chester A. Arthur
history,Grover Cleveland
history,Benjamin Harrison
history,Grover Cleveland (2nd term)
history,William McKinley
history,Theodore Roosevelt
history,William Howard Taft
history,Woodrow Wilson
history,Warren G. Harding
history,Calvin Coolidge
history,Herbert Hoover
history,Franklin D. Roosevelt
history,Harry S. Truman
history,Dwight D. Eisenhower
history,John F. Kennedy
history,Lyndon B. Johnson
history,Richard Nixon
history,Gerald Ford
history,Jimmy Carter
history,Ronald Reagan
history,George H. W. Bush
history,Bill Clinton
history,George W. Bush
history,Barack Obama
history,George Washington
history,World War 1
history,World War 2
history,Civil War
history,American Revolution
history,War of 1812
history,New World
history,Declaration of Independence
history,Revolutionary War
history,Articles of Confederation
history,Bill of Rights
history,Federalists
history,Economy
history,Nullification Crisis
history,Manifest Destiny
history,Reconstruction
history,Roaring 20s
history,United Nations
history,Great Depression
history,Gilded Age
history,Vietnam War
history,Korean War
history,Jim Crow Laws
history,Ancient History
history,Medieval History
history,Greek and Roman History
history,Renaissance History
history,Modern History
history,World History
history,World Religions
history,World Current Events
history,Global Issues
history,Government
history,Civics
history,Economics
history,Political Science
history,Social Sciences