algebra,math
calculus,math
precalculus,math
geometry,math
trigonometry,math
math,math
mathematic,math
logic,math
variables,math
differential equations,math
numerical,math
multivariable calculus,math
matrices,math
linear algebra,math
probability,math
computation,math
numbers,math
statistics,math
addition,math
subtraction,math
multiplication,math
division,math
remainder,math
analysis,math
arithmetic,math
coefficien,math
graphs,math
equations,math
derivative,math
integral,math
differentiate,math
exponent,math
factor,math
fraction,math
linear,math
logarithm,math
modulus,math
theory,math
function,math
number theory,math