science,Formal logic
science,Mathematics
science,Mathematical statistics
science,Theoretical computer science
science,Game theory
science,Decision theory
science,Information theory
science,Systems theory
science,Control theory
science,Physics
science,Electromagnetism
science,Thermodynamics
science,Molecular
science,Atomic
science,Nuclear
science,Particle
science,Condensed matter
science,Plasma
science,Quantum mechanics
science,Quantum field theory
science,Special relativity
science,General relativity
science,String theory
science,Chemistry
science,Inorganic
science,Organic
science,Analytical
science,Physical
science,Acid-base
science,Supramolecular
science,Solid-state
science,Nuclear
science,Environmental
science,Sustainable 
science,Theoretical
science,Astrochemistry
science,Biochemistry
science,Crystallography
science,Food chemistry
science,Geochemistry
science,Materials science
science,Photochemistry
science,Radiochemistry
science,Stereochemistry
science,Surface science
science,Earth science
science,Climatology
science,Edaphology
science,Environmental science
science,Geodesy
science,Geographyæ
science,Geology
science,Geomorphology
science,Geophysics
science,Glaciology
science,Hydrology
science,Limnology
science,Meteorology
science,Mineralogy
science,Oceanography
science,Paleoclimatology
science,Paleoecology
science,Palynology
science,Pedology
science,Volcanology
science,Astronomy
science,Astrophysics
science,Cosmology
science,Galactic astronomy
science,Planetary geology
science,Planetary science
science,Stellar astronomy
science,Biology
science,Anatomy
science,Astrobiology
science,Biochemistry
science,Biogeography
science,Biological engineering
science,Biomechanics
science,Biophysics
science,Biotechnology
science,Botany
science,Cell biology
science,Conservation biology
science,Cryobiology
science,Developmental biology
science,Ecology
science,Ethology
science,Evolutionary biologyæ
science,Geneticsæ
science,Immunology
science,Microbiology
science,Molecular anthropology
science,Molecular biology
science,Nanobiology
science,Neuroscience
science,Paleontology
science,Parasitology
science,Physiology
science,Quantum biology
science,Theoretical biology
science,Toxicology
science,Zoology
science,life
science,Social
science,social
science,Anthropology
science,Archaeology
science,Criminology
science,Demography
science,Economics
science,Geographyæ
science,History
science,International relations
science,Jurisprudence
science,Linguistics
science,Pedagogy
science,Political science
science,Psychology
science,Science education
science,Sociology
science,Engineering
science,Aerospace
science,Agricultural
science,Biological
science,Biomedical
science,Chemical
science,Civil
science,Computer science
science,Electrical
science,Fire protection
science,Genetic
science,Industrial
science,Information
science,Mechanical
science,Military
science,Mining
science,Nuclear
science,Operations research
science,Robotics
science,Software
science,Web
science,Healthcare
science,Medicine
science,Veterinary
science,Dentistry
science,Midwifery
science,Epidemiology
science,Pharmacy
science,Nursing
science,Applied physics
science,Artificial intelligence
science,Bioethics
science,Bioinformatics
science,Biomedical engineering
science,Biostatistics
science,Cognitive science
science,Complex systems
science,Computational linguistics
science,Cultural studies
science,Cybernetics
science,Environmental science
science,Environmental social science
science,Environmental studies
science,Ethnic studies
science,Evolutionary psychology
science,Forensics
science,Forestry
science,Library science
science,theoretical biology
science,Mathematical physics
science,Military science
science,Network science
science,Neural engineering
science,Science studies
science,Scientific modelling
science,Semiotics
science,Sociobiology
science,Statistics
science,Systems science
science,Urban planning
science,Web science
science,Basic research
science,Citizen science
science,Fringe science
science,Protoscience
science,Pseudoscience
science,Freedom
science,Policy
science,Funding
science,Method
science,Sociology
science,Technoscience
science,Aerospace engineering
science,Archaeology
science,Architecture
science,Artificial intelligence
science,Astronomy
science,Biology
science,Botany
science,Calculus
science,Chemistry
science,Civil engineering
science,Clinical research
science,Computer science
science,Ecology
science,Economics
science,Electrical and electronics engineering
science,Engineering
science,Entomology
science,Environmental science
science,Genetics
science,Geography
science,Geology
science,Machine vision
science,Mechanical engineering
science,Medicine
science,Meteoritics
science,Meteorology
science,Physics
science,Probability and statistics
science,Robotics
science,Speciation
science,Structural engineering